rfid,jancode,goods_name,path_img
00DD20220703000058000586,9784088765112,リアル　３,static\9784088765112.jpg
00DD20220703000058000587,9784094088434,ようこそ、わが家へ,static\9784094088434.jpg
00DD20220703000058000627,9784062769778,カラスの親指　ｂｙ　ｒｕｌｅ　ｏｆ　ＣＲ,static\9784062769778.jpg
00DD20220703000058000949,9784163742205,日本復興計画,static\9784163742205.jpg
00DD20220703000058000988,9784167904388,ロスジェネの逆襲,static\9784167904388.jpg
00DD20220703000058000612,9784802303538,ゲスかわ裏ＪＡＰＡＮ,static\9784802303538.jpg
00DD20220703000058000727,9784802303538,ゲスかわ裏ＪＡＰＡＮ,static\9784802303538.jpg
00DD20220703000058000728,9784802303538,ゲスかわ裏ＪＡＰＡＮ,static\9784802303538.jpg
00DD20220703000058000729,9784802303538,ゲスかわ裏ＪＡＰＡＮ,static\9784802303538.jpg
00DD20220703000058000731,9784802303538,ゲスかわ裏ＪＡＰＡＮ,static\9784802303538.jpg
00DD20220703000058000739,9784802303538,ゲスかわ裏ＪＡＰＡＮ,static\9784802303538.jpg
00DD20220703000058000772,9784802303538,ゲスかわ裏ＪＡＰＡＮ,static\9784802303538.jpg
00DD20220703000058000919,9784802303538,ゲスかわ裏ＪＡＰＡＮ,static\9784802303538.jpg
00DD20220703000058000923,9784802303538,ゲスかわ裏ＪＡＰＡＮ,static\9784802303538.jpg
00DD20220703000058000925,9784802303538,ゲスかわ裏ＪＡＰＡＮ,static\9784802303538.jpg
00DD20220703000058000932,9784802303538,ゲスかわ裏ＪＡＰＡＮ,static\9784802303538.jpg
00DD20220703000058000939,9784802303538,ゲスかわ裏ＪＡＰＡＮ,static\9784802303538.jpg
00DD20220703000058000959,9784802303538,ゲスかわ裏ＪＡＰＡＮ,static\9784802303538.jpg
00DD20220703000058000966,9784802303538,ゲスかわ裏ＪＡＰＡＮ,static\9784802303538.jpg
00DD20220703000058000828,9784802303538,ゲスかわ裏ＪＡＰＡＮ,static\9784802303538.jpg